"station_id","huc2","huc4","station_nm","state_cd","lat_dec","log_dec","drain_area","drain_area_contr","conus"
"01013500","01","01","Fish River near Fort Kent, Maine","ME",47.2375,-68.58277778,873,873,1
"01022500","01","05","Narraguagus River at Cherryfield, Maine","ME",44.60805556,-67.93527778,227,227,1
"01030500","01","02","Mattawamkeag River near Mattawamkeag, Maine","ME",45.5011111,-68.3058333,1418,1418,1
"01031500","01","02","Piscataquis River near Dover-Foxcroft, Maine","ME",45.175,-69.3147222,298,298,1
"01047000","01","03","Carrabassett River near North Anson, Maine","ME",44.86916667,-69.955,353,353,1
"01052500","01","04","Diamond River near Wentworth Location, NH","NH",44.8775,-71.0575,152,152,1
"01054200","01","04","Wild River at Gilead, Maine","ME",44.39055556,-70.9797222,69.6,69.6,1
"01055000","01","04","Swift River near Roxbury, Maine","ME",44.64277778,-70.58888889,96.9,96.9,1
"01057000","01","04","Little Androscoggin River near South Paris, Maine","ME",44.30388889,-70.5397222,73.5,73.5,1
"01073000","01","06","OYSTER RIVER NEAR DURHAM, NH","NH",43.1486955,-70.9650603,12.1,NA,1
"01078000","01","07","SMITH RIVER NEAR BRISTOL, NH","NH",43.56646307,-71.747857,85.8,NA,1
"01117468","01","09","BEAVER RIVER NEAR USQUEPAUG, RI","RI",41.49260037,-71.6281194,8.87,8.87,1
"01118300","01","09","PENDLETON HILL BROOK NEAR CLARKS FALLS, CT","CT",41.4748222,-71.8342361,4.02,NA,1
"01121000","01","10","MOUNT HOPE RIVER NEAR WARRENVILLE, CT","CT",41.8437089,-72.1689662,28.6,NA,1
"01123000","01","10","LITTLE RIVER NEAR HANOVER, CT","CT",41.6717651,-72.05229807,30,NA,1
"01134500","01","08","MOOSE RIVER AT VICTORY, VT","VT",44.5117231,-71.8373143,75.2,NA,1
"01137500","01","08","AMMONOOSUC RIVER AT BETHLEHEM JUNCTION, NH","NH",44.2686741,-71.6303617,87.6,NA,1
"01139000","01","08","WELLS RIVER AT WELLS RIVER, VT","VT",44.1503413,-72.0650915,98.4,NA,1
"01139800","01","08","EAST ORANGE BRANCH AT EAST ORANGE, VT","VT",44.0928419,-72.33565327,8.95,NA,1
"01142500","01","08","AYERS BROOK AT RANDOLPH, VT","VT",43.93450969,-72.6578821,30.5,NA,1
"01144000","01","08","WHITE RIVER AT WEST HARTFORD, VT","VT",43.71423614,-72.418149,690,NA,1
"01150900","01","08","OTTAUQUECHEE RIVER NEAR WEST BRIDGEWATER, VT","VT",43.62229069,-72.7589899,23.4,NA,1
"01162500","01","08","PRIEST BROOK NEAR WINCHENDON, MA","MA",42.6825859,-72.1150812,19.4,19.4,1
"01169000","01","08","NORTH RIVER AT SHATTUCKVILLE, MA","MA",42.63841775,-72.7250922,89,89,1
"01170100","01","08","GREEN RIVER NEAR COLRAIN, MA","MA",42.70341695,-72.67064738,41.4,41.4,1
"01181000","01","08","WEST BRANCH WESTFIELD RIVER AT HUNTINGTON, MA","MA",42.23731169,-72.895654,94,94,1
"01187300","01","08","HUBBARD RIVER NEAR WEST HARTLAND, CT","CT",42.0375,-72.93932778,19.9,NA,1
"01195100","01","10","INDIAN RIVER NEAR CLINTON, CT","CT",41.3061722,-72.5310333,5.68,NA,1
"01208990","01","10","SAUGATUCK RIVER NEAR REDDING, CT","CT",41.29454,-73.39512029,21,NA,1
"01333000","02","02","GREEN RIVER AT WILLIAMSTOWN, MA","MA",42.7089695,-73.1967729,42.6,42.6,1
"01350000","02","02","SCHOHARIE CREEK AT PRATTSVILLE NY","NY",42.31944444,-74.4366667,237,237,1
"01350080","02","02","MANOR KILL AT WEST CONESVILLE NEAR GILBOA NY","NY",42.37694444,-74.4130556,32.4,NA,1
"01350140","02","02","MINE KILL NEAR NORTH BLENHEIM NY","NY",42.42888889,-74.4730556,16.2,16.2,1
"01362200","02","02","ESOPUS CREEK AT ALLABEN NY","NY",42.11694444,-74.38027778,63.7,NA,1
"01365000","02","02","RONDOUT CREEK NEAR LOWES CORNERS NY","NY",41.86638889,-74.4872222,38.3,38.3,1
"01411300","02","04","Tuckahoe River at Head of River NJ","NJ",39.30694444,-74.8205556,30.8,NA,1
"01413500","02","04","EAST BRANCH DELAWARE RIVER AT MARGARETVILLE NY","NY",42.1447222,-74.6536111,163,163,1
"01414500","02","04","MILL BROOK NEAR DUNRAVEN NY","NY",42.1061111,-74.7305556,25.2,25.2,1
"01415000","02","04","TREMPER KILL NEAR ANDES NY","NY",42.12,-74.8186111,33.2,33.2,1
"01423000","02","04","WEST BRANCH DELAWARE RIVER AT WALTON NY","NY",42.1661111,-75.14002778,332,NA,1
"01434025","02","04","BISCUIT BK ABOVE PIGEON BK AT FROST VALLEY NY","NY",41.9960833,-74.5002222,3.72,NA,1
"01435000","02","04","NEVERSINK RIVER NEAR CLARYVILLE NY","NY",41.88994444,-74.5898056,66.6,NA,1
"01439500","02","04","Bush Kill at Shoemakers, PA","PA",41.08815078,-75.03767469,117,NA,1
"01440000","02","04","Flat Brook near Flatbrookville NJ","NJ",41.1061111,-74.9525,64,NA,1
"01440400","02","04","Brodhead Creek near Analomink, PA","PA",41.0848148,-75.2146251,65.9,NA,1
"01451800","02","04","Jordan Creek near Schnecksville, PA","PA",40.66176219,-75.626854,53,NA,1
"01466500","02","04","McDonalds Branch in Byrne State Forest NJ","NJ",39.885,-74.50527778,2.35,NA,1
"01484100","02","04","BEAVERDAM BRANCH AT HOUSTON, DE","DE",38.90577778,-75.51275,3.02,NA,1
"01485500","02","08","NASSAWANGO CREEK NEAR SNOW HILL, MD","MD",38.22891667,-75.4714444,44.9,NA,1
"01486000","02","08","MANOKIN BRANCH NEAR PRINCESS ANNE, MD","MD",38.21388889,-75.67138889,4.8,NA,1
"01487000","02","08","NANTICOKE RIVER NEAR BRIDGEVILLE, DE","DE",38.7283333,-75.5618611,75.4,NA,1
"01491000","02","06","CHOPTANK RIVER NEAR GREENSBORO, MD","MD",38.99719444,-75.7858056,113,NA,1
"01510000","02","05","OTSELIC RIVER AT CINCINNATUS NY","NY",42.5411111,-75.8997222,147,147,1
"01516500","02","05","Corey Creek near Mainesburg, PA","PA",41.79090746,-77.0146877,12.2,NA,1
"01518862","02","05","Cowanesque River at Westfield, PA","PA",41.92312576,-77.5319298,90.6,90.6,1
"01532000","02","05","Towanda Creek near Monroeton, PA","PA",41.70757505,-76.4849432,215,NA,1
"01539000","02","05","Fishing Creek near Bloomsburg, PA","PA",41.07814118,-76.4313333,274,NA,1
"01542810","02","05","Waldy Run near Emporium, PA","PA",41.57895225,-78.2925121,5.24,NA,1
"01543000","02","05","Driftwood Br Sinnemahoning Cr at Sterling Run, PA","PA",41.4133959,-78.1969524,272,NA,1
"01543500","02","05","Sinnemahoning Creek at Sinnemahoning, PA","PA",41.31728467,-78.1030596,685,NA,1
"01544500","02","05","Kettle Creek at Cross Fork, PA","PA",41.4758994,-77.8258251,136,NA,1
"01545600","02","05","Young Womans Creek near Renovo, PA","PA",41.38951168,-77.6908191,46.2,NA,1
"01547700","02","05","Marsh Creek at Blanchard, PA","PA",41.05950916,-77.6058264,44.1,NA,1
"01548500","02","05","Pine Creek at Cedar Run, PA","PA",41.52173586,-77.4474798,604,NA,1
"01549500","02","05","Blockhouse Creek near English Center, PA","PA",41.47368336,-77.230809,37.7,NA,1
"01550000","02","05","Lycoming Creek near Trout Run, PA","PA",41.41813179,-77.0330238,173,NA,1
"01552000","02","05","Loyalsock Creek at Loyalsockville, PA","PA",41.32507836,-76.91246379,435,NA,1
"01552500","02","05","Muncy Creek near Sonestown, PA","PA",41.35702418,-76.5346708,23.8,NA,1
"01557500","02","05","Bald Eagle Creek at Tyrone, PA","PA",40.6836733,-78.23362439,44.1,NA,1
"01564500","02","05","Aughwick Creek near Three Springs, PA","PA",40.21258144,-77.9252764,205,NA,1
"01567500","02","05","Bixler Run near Loysville, PA","PA",40.37091615,-77.402209,15,NA,1
"01568000","02","05","Sherman Creek at Shermans Dale, PA","PA",40.32341928,-77.1688703,207,NA,1
"01580000","02","05","DEER CREEK AT ROCKS, MD","MD",39.6299722,-76.4033056,94.4,NA,1
"01583500","02","06","WESTERN RUN AT WESTERN RUN, MD","MD",39.51077778,-76.6765,59.8,NA,1
"01586610","02","06","MORGAN RUN NEAR LOUISVILLE, MD","MD",39.45188889,-76.9553056,28,NA,1
"01591400","02","06","CATTAIL CREEK NEAR GLENWOOD, MD","MD",39.2559722,-77.0510556,22.9,NA,1
"01594950","02","07","MCMILLAN F NEAR FORT PENDLETON, MD","MD",39.27669444,-79.3903056,2.3,NA,1
"01596500","02","07","SAVAGE RIVER NEAR BARTON, MD","MD",39.57005556,-79.1019444,49.1,NA,1
"01605500","02","07","SOUTH BRANCH POTOMAC RIVER AT FRANKLIN, WV","WV",38.63567247,-79.3378199,179,NA,1
"01606500","02","07","SOUTH BRANCH POTOMAC RIVER NEAR PETERSBURG, WV","WV",38.99122107,-79.17587059,651,NA,1
"01613050","02","07","Tonoloway Creek near Needmore, PA","PA",39.89842119,-78.132229,10.7,NA,1
"01620500","02","07","NORTH RIVER NEAR STOKESVILLE, VA","VA",38.335,-79.2391667,17.3,NA,1
"01632000","02","07","N F SHENANDOAH RIVER AT COOTES STORE, VA","VA",38.63706254,-78.852803,210,NA,1
"01632900","02","07","SMITH CREEK NEAR NEW MARKET, VA","VA",38.69345016,-78.6427935,93.6,NA,1
"01634500","02","07","CEDAR CREEK NEAR WINCHESTER, VA","VA",39.0812176,-78.3294486,102,NA,1
"01638480","02","07","CATOCTIN CREEK AT TAYLORSTOWN, VA","VA",39.25510206,-77.5763778,89.5,NA,1
"01639500","02","07","BIG PIPE CREEK AT BRUCEVILLE, MD","MD",39.6123611,-77.2374444,102,NA,1
"01644000","02","07","GOOSE CREEK NEAR LEESBURG, VA","VA",39.01955309,-77.5774918,332,NA,1
"01658500","02","07","S F QUANTICO CREEK NEAR INDEPENDENT HILL, VA","VA",38.5873427,-77.4285958,7.62,NA,1
"01664000","02","08","RAPPAHANNOCK RIVER AT REMINGTON, VA","VA",38.53067996,-77.8136045,619,NA,1
"01666500","02","08","ROBINSON RIVER NEAR LOCUST DALE, VA","VA",38.32513047,-78.0955557,179,NA,1
"01667500","02","08","RAPIDAN RIVER NEAR CULPEPER, VA","VA",38.35040774,-77.9749972,468,NA,1
"01669000","02","08","PISCATAWAY CREEK NEAR TAPPAHANNOCK, VA","VA",37.8770819,-76.900521,27.9,NA,1
"01669520","02","08","DRAGON SWAMP AT MASCOT, VA","VA",37.6337529,-76.6963468,109,NA,1
"02011400","02","08","JACKSON RIVER NEAR BACOVA, VA","VA",38.04234707,-79.8814439,157,NA,1
"02011460","02","08","BACK CREEK NEAR SUNRISE, VA","VA",38.24540129,-79.76866328,60.9,NA,1
"02013000","02","08","DUNLAP CREEK NEAR COVINGTON, VA","VA",37.8029022,-80.0470043,162,NA,1
"02014000","02","08","POTTS CREEK NEAR COVINGTON, VA","VA",37.72901408,-80.0422802,153,NA,1
"02015700","02","08","BULLPASTURE RIVER AT WILLIAMSVILLE, VA","VA",38.19540308,-79.57032338,110,NA,1
"02016000","02","08","COWPASTURE RIVER NEAR CLIFTON FORGE, VA","VA",37.79179587,-79.7594917,461,NA,1
"02017500","02","08","JOHNS CREEK AT NEW CASTLE, VA","VA",37.5062397,-80.106715,105,NA,1
"02018000","02","08","CRAIG CREEK AT PARR, VA","VA",37.66596174,-79.9114388,329,NA,1
"02027000","02","08","TYE RIVER NEAR LOVINGSTON, VA","VA",37.71541868,-78.981691,93,NA,1
"02027500","02","08","PINEY RIVER AT PINEY RIVER, VA","VA",37.7023625,-79.0275254,47.7,NA,1
"02028500","02","08","ROCKFISH RIVER NEAR GREENFIELD, VA","VA",37.86958499,-78.8233543,94.8,NA,1
"02038850","02","08","HOLIDAY CREEK NEAR ANDERSONVILLE, VA","VA",37.41542434,-78.6358392,8.54,NA,1
"02046000","03","01","STONY CREEK NEAR DINWIDDIE, VA","VA",37.0670942,-77.602489,113,NA,1
"02051000","03","01","NORTH MEHERRIN RIVER NEAR LUNENBURG, VA","VA",36.9973738,-78.3497182,56,NA,1
"02051500","03","01","MEHERRIN RIVER NEAR LAWRENCEVILLE, VA","VA",36.71681395,-77.8316582,552,NA,1
"02053200","03","01","POTECASI CREEK NEAR UNION, NC","NC",36.3708333,-77.0255556,225,NA,1
"02053800","03","01","S F ROANOKE RIVER NEAR SHAWSVILLE, VA","VA",37.1401323,-80.2664328,109,NA,1
"02055100","03","01","TINKER CREEK NEAR DALEVILLE, VA","VA",37.41763318,-79.9353193,11.7,NA,1
"02056900","03","01","BLACKWATER RIVER NEAR ROCKY MOUNT, VA","VA",37.0451406,-79.8441993,115,NA,1
"02059500","03","01","GOOSE CREEK NEAR HUDDLESTON, VA","VA",37.1731995,-79.5203076,188,NA,1
"02064000","03","01","FALLING RIVER NEAR NARUNA, VA","VA",37.12680956,-78.9597374,165,NA,1
"02065500","03","01","CUB CREEK AT PHENIX, VA","VA",37.0793112,-78.7636178,97.6,NA,1
"02069700","03","01","SOUTH MAYO RIVER NEAR NETTLERIDGE, VA","VA",36.570971,-80.1294928,85.5,NA,1
"02070000","03","01","NORTH MAYO RIVER NEAR SPENCER, VA","VA",36.56819358,-79.98726539,108,NA,1
"02074500","03","01","SANDY RIVER NEAR DANVILLE, VA","VA",36.6195825,-79.5041932,111,NA,1
"02077200","03","01","HYCO CREEK NEAR LEASBURG, NC","NC",36.39777778,-79.1966667,45.9,NA,1
"02081500","03","02","TAR RIVER NEAR TAR RIVER, NC","NC",36.19416667,-78.5830556,167,NA,1
"02082950","03","02","LITTLE FISHING CREEK NEAR WHITE OAK, NC","NC",36.1833333,-77.8761111,177,NA,1
"02084557","03","02","VAN SWAMP NEAR HOKE, NC","NC",35.7308333,-76.7461111,23,NA,1
"02092500","03","02","TRENT RIVER NEAR TRENTON, NC","NC",35.06416667,-77.46138889,168,NA,1
"02102908","03","03","FLAT CREEK NEAR INVERNESS, NC","NC",35.18277778,-79.1775,7.63,NA,1
"02108000","03","03","NORTHEAST CAPE FEAR RIVER NEAR CHINQUAPIN, NC","NC",34.82888889,-77.8322222,599,NA,1
"02110500","03","04","WACCAMAW RIVER NEAR LONGS, SC","SC",33.9126719,-78.7150175,1110,NA,1
"02111180","03","04","ELK CREEK AT ELKVILLE, NC","NC",36.07138889,-81.4030556,50.9,NA,1
"02111500","03","04","REDDIES RIVER AT NORTH WILKESBORO, NC","NC",36.175,-81.16888889,89.2,NA,1
"02112120","03","04","ROARING RIVER NEAR ROARING RIVER, NC","NC",36.25027778,-81.0444444,128,NA,1
"02112360","03","04","MITCHELL RIVER NEAR STATE ROAD, NC","NC",36.31138889,-80.8072222,78.8,NA,1
"02118500","03","04","HUNTING CREEK NEAR HARMONY, NC","NC",36.00055556,-80.7455556,155,NA,1
"02125000","03","04","BIG BEAR CR NR RICHFIELD, NC","NC",35.3347222,-80.3355556,55.6,NA,1
"02128000","03","04","LITTLE RIVER NEAR STAR, NC","NC",35.3872222,-79.83138889,106,NA,1
"02137727","03","05","CATAWBA R NR PLEASANT GARDENS, NC","NC",35.6858333,-82.0602778,126,NA,1
"02140991","03","05","JOHNS RIVER AT ARNEYS STORE, NC","NC",35.8336111,-81.7119444,201,NA,1
"02143000","03","05","HENRY FORK NEAR HENRY RIVER, NC","NC",35.68444444,-81.4033333,83.2,NA,1
"02143040","03","05","JACOB FORK AT RAMSEY, NC","NC",35.59055556,-81.5669444,25.7,NA,1
"02149000","03","05","COVE CREEK NEAR LAKE LURE, NC","NC",35.4233333,-82.1116667,79,NA,1
"02152100","03","05","FIRST BROAD RIVER NEAR CASAR, NC","NC",35.49305556,-81.6822222,60.5,NA,1
"02177000","03","06","CHATTOOGA RIVER NEAR CLAYTON, GA","SC",34.81377778,-83.3063611,207,207,1
"02178400","03","06","TALLULAH RIVER NEAR CLAYTON, GA","GA",34.8899722,-83.53063889,58.4,58.4,1
"02193340","03","06","KETTLE CREEK NEAR WASHINGTON, GA","GA",33.68266667,-82.8585,33.9,33.9,1
"02196000","03","06","STEVENS CREEK NEAR MODOC, SC","SC",33.72929717,-82.1817873,545,NA,1
"02198100","03","06","BEAVERDAM CREEK NEAR SARDIS, GA","GA",32.9375,-81.8153333,30.8,NA,1
"02202600","03","06","BLACK CREEK NEAR BLITCHTON, GA","GA",32.16755556,-81.48775,232,NA,1
"02212600","03","07","FALLING CREEK NEAR JULIETTE, GA","GA",33.10030556,-83.7231667,72.2,72.2,1
"02215100","03","07","TUCSAWHATCHEE CREEK NEAR HAWKINSVILLE, GA","GA",32.2401111,-83.5018333,163,163,1
"02216180","03","07","TURNPIKE CREEK NEAR MCRAE, GA","GA",31.99138889,-82.9219444,49.2,49.2,1
"02221525","03","07","MURDER CREEK BELOW EATONTON, GA","GA",33.25275,-83.4826111,190,190,1
"02231000","03","07","ST. MARYS RIVER NEAR MACCLENNY, FL","FL",30.35884726,-82.0815013,700,NA,1
"02231342","03","08","FT DRUM CREEK AT SUNSHINE ST PKY NEAR FT DRUM, FL","FL",27.5686473,-80.7961709,52.6,NA,1
"02235200","03","08","BLACKWATER CREEK NEAR CASSIA, FL","FL",28.87444444,-81.4897222,126,NA,1
"02236500","03","08","BIG CREEK NEAR CLERMONT, FL","FL",28.44778229,-81.74007599,68,NA,1
"02245500","03","08","SOUTH FORK BLACK CREEK NEAR PENNEY FARMS, FL","FL",29.9794075,-81.8520426,134,NA,1
"02246000","03","08","NORTH FORK BLACK CREEK NEAR MIDDLEBURG, FL","FL",30.1132953,-81.9064915,177,NA,1
"02296500","03","10","CHARLIE CREEK NEAR GARDNER FL","FL",27.37504297,-81.7964708,330,330,1
"02297155","03","10","HORSE CREEK NEAR MYAKKA HEAD FL","FL",27.4872613,-82.0234197,42,42,1
"02297310","03","10","HORSE CREEK AT SR 72 NEAR ARCADIA, FL","FL",27.19949477,-81.9884193,218,218,1
"02298123","03","10","PRAIRIE CREEK NEAR FORT OGDEN FL","FL",27.05199986,-81.7845267,233,233,1
"02298608","03","10","MYAKKA RIVER AT MYAKKA CITY FL","FL",27.3436562,-82.1567556,125,125,1
"02299950","03","10","MANATEE RIVER AT SR 64 NEAR MYAKKA HEAD, FL","FL",27.47365137,-82.211201,65.3,65.3,1
"02300700","03","10","BULLFROG CREEK NEAR WIMAUMA FL","FL",27.79197208,-82.3520369,29.1,29.1,1
"02310947","03","10","WITHLACOOCHEE RIVER NEAR CUMPRESSCO, FL","FL",28.31195156,-82.05591468,280,NA,1
"02312200","03","10","LITTLE WITHLACOOCHEE RIVER AT RERDELL, FL","FL",28.57277286,-82.155363,145,NA,1
"02314500","03","11","SUWANNEE RIVER AT US 441, AT FARGO, GA","GA",30.68102778,-82.56013889,1130,1130,1
"02315500","03","11","SUWANNEE RIVER AT WHITE SPRINGS, FLA.","FL",30.3257812,-82.7381826,2430,2430,1
"02324000","03","11","STEINHATCHEE RIVER NEAR CROSS CITY, FLA.","FL",29.78661294,-83.3215262,350,350,1
"02324400","03","11","FENHOLLOWAY RIVER NEAR FOLEY, FLA.","FL",30.09827057,-83.4718112,60,60,1
"02327100","03","12","SOPCHOPPY RIVER NR SOPCHOPPY, FLA.","FL",30.12936856,-84.4943482,102,102,1
"02342933","03","13","SOUTH FORK COWIKEE CREEK NEAR BATESVILLE AL","AL",32.0176572,-85.2957704,112,112,1
"02349900","03","13","TURKEY CREEK AT BYROMVILLE, GA","GA",32.19555556,-83.9022222,47.5,47.5,1
"02350900","03","13","KINCHAFOONEE CREEK AT PINEWOOD ROAD, NR DAWSON, GA","GA",31.76458333,-84.2531111,527,527,1
"02361000","03","14","CHOCTAWHATCHEE RIVER NEAR NEWTON, AL.","AL",31.3429492,-85.6104912,686,686,1
"02363000","03","14","PEA RIVER NEAR ARITON AL","AL",31.59488716,-85.7829975,498,498,1
"02369800","03","14","BLACKWATER RIVER NEAR BRADLEY AL","AL",31.02767985,-86.7099567,87.7,87.7,1
"02371500","03","14","CONECUH RIVER AT BRANTLEY AL","AL",31.57349458,-86.2516226,500,500,1
"02372250","03","14","PATSALIGA CREEK NEAR BRANTLEY AL","AL",31.59627177,-86.40551809,442,442,1
"02374500","03","14","MURDER CREEK NEAR EVERGREEN AL","AL",31.41850006,-86.9866403,176,176,1
"02381600","03","15","FAUSETT CREEK NEAR TALKING ROCK, GA","GA",34.57044444,-84.46888889,9.99,9.99,1
"02384540","03","15","MILL CREEK NEAR CRANDALL, GA","GA",34.87194444,-84.7212778,8.24,8.24,1
"02395120","03","15","TWO RUN CREEK NEAR KINGSTON, GA","GA",34.24277778,-84.8897222,33.1,33.1,1
"02408540","03","15","HATCHET CREEK BELOW ROCKFORD AL","AL",32.9167896,-86.2702507,263,263,1
"02415000","03","15","HILLABEE CREEK NEAR HACKNEYVILLE AL","AL",33.06539786,-85.8780186,190,190,1
"02422500","03","15","MULBERRY CREEK AT JONES AL","AL",32.5829103,-86.9035991,203,203,1
"02430085","03","16","RED BUD CREEK NR MOORES MILL, MS","MS",34.46666667,-88.2836111,15.7,15.7,1
"02430615","03","16","MUD CREEK NR FAIRVIEW, MS","MS",34.3925,-88.355,11.1,11.1,1
"02450250","03","16","SIPSEY FORK NEAR GRAYSON AL","AL",34.28537757,-87.3989084,92.1,92.1,1
"02464000","03","16","NORTH RIVER NEAR SAMANTHA AL","AL",33.47928058,-87.5972297,223,223,1
"02464146","03","16","TURKEY CREEK NEAR TUSCALOOSA","AL",33.41344824,-87.5105601,6.16,6.16,1
"02464360","03","16","BINION CREEK BELOW GIN CREEK NEAR SAMANTHA AL","AL",33.42483704,-87.6425091,57.2,57.2,1
"02465493","03","16","ELLIOTTS CREEK AT MOUNDVILLE AL","AL",32.99734636,-87.6222295,32.3,32.3,1
"02469800","03","16","SATILPA CREEK NEAR COFFEEVILLE AL","AL",31.7443247,-88.0225066,164,164,1
"02472000","03","17","LEAF RIVER NR COLLINS, MS","MS",31.70694444,-89.4069444,743,743,1
"02472500","03","17","BOUIE CREEK NR HATTIESBURG, MS","MS",31.42583333,-89.4147222,304,304,1
"02479155","03","17","CYPRESS CREEK NR JANICE, MS","MS",31.02527778,-89.0166667,52.6,52.6,1
"02479300","03","17","RED CREEK AT VESTRY, MS","MS",30.7361111,-88.7811111,441,441,1
"02479560","03","17","ESCATAWPA RIVER NEAR AGRICOLA MS","MS",30.8118552,-88.4586274,562,562,1
"02481000","03","17","BILOXI RIVER AT WORTHAM, MS","MS",30.5586111,-89.1219444,96.2,96.2,1
"02481510","03","17","WOLF RIVER NR LANDON, MS","MS",30.4836111,-89.2744444,308,308,1
"03010655","05","01","Oswayo Creek at Shinglehouse, PA","PA",41.96173237,-78.1980662,98.7,NA,1
"03011800","05","01","Kinzua Creek near Guffey, PA","PA",41.76645099,-78.71863999,38.8,NA,1
"03015500","05","01","Brokenstraw Creek at Youngsville, PA","PA",41.8525587,-79.3172708,321,NA,1
"03021350","05","01","French Creek near Wattsburg, PA","PA",42.015332,-79.7825507,92,NA,1
"03026500","05","01","Sevenmile Run near Rasselas, PA","PA",41.63117349,-78.5766898,7.84,NA,1
"03028000","05","01","West Branch Clarion River at Wilcox, PA","PA",41.57533955,-78.69224919,63,NA,1
"03049000","05","01","Buffalo Creek near Freeport, PA","PA",40.71644444,-79.6999167,137,NA,1
"03049800","05","01","Little Pine Creek near Etna, PA","PA",40.5203462,-79.93810799,5.78,NA,1
"03050000","05","02","TYGART VALLEY RIVER NEAR DAILEY, WV","WV",38.809275,-79.8817342,188,NA,1
"03066000","05","02","BLACKWATER RIVER AT DAVIS, WV","WV",39.1270524,-79.4683852,86.1,NA,1
"03069500","05","02","CHEAT RIVER NEAR PARSONS, WV","WV",39.12155556,-79.6755278,718,NA,1
"03070500","05","02","BIG SANDY CREEK AT ROCKVILLE, WV","WV",39.62175,-79.7045556,200,NA,1
"03076600","05","02","BEAR CREEK AT FRIENDSVILLE, MD","MD",39.65613889,-79.3941111,48.9,NA,1
"03078000","05","02","CASSELMAN RIVER AT GRANTSVILLE, MD","MD",39.70219444,-79.13638889,64.2,NA,1
"03140000","05","04","Mill Creek near Coshocton OH","OH",40.36284598,-81.8623563,27.2,27.2,1
"03144000","05","04","Wakatomika Creek near Frazeysburg OH","OH",40.1197222,-82.13638889,140,140,1
"03159540","05","03","Shade River near Chester OH","OH",39.06368935,-81.8818024,156,156,1
"03161000","05","05","SOUTH FORK NEW RIVER NEAR JEFFERSON, NC","NC",36.3933333,-81.4069444,205,NA,1
"03164000","05","05","NEW RIVER NEAR GALAX, VA","VA",36.6473497,-80.978969,1141,NA,1
"03165000","05","05","CHESTNUT CREEK AT GALAX, VA","VA",36.6459613,-80.9192444,39.4,NA,1
"03170000","05","05","LITTLE RIVER AT GRAYSONTOWN, VA","VA",37.03762635,-80.5567239,300,300,1
"03173000","05","05","WALKER CREEK AT BANE, VA","VA",37.26817845,-80.7095125,299,NA,1
"03180500","05","05","GREENBRIER RIVER AT DURBIN, WV","WV",38.54372659,-79.833115,133,NA,1
"03182500","05","05","GREENBRIER RIVER AT BUCKEYE, WV","WV",38.1862222,-80.13,539,NA,1
"03186500","05","05","WILLIAMS RIVER AT DYER, WV","WV",38.37899915,-80.4839737,128,NA,1
"03187500","05","05","CRANBERRY RIVER NEAR RICHWOOD, WV","WV",38.2953903,-80.5264749,80.4,NA,1
"03213700","05","07","TUG FORK AT WILLIAMSON, WV","KY",37.67315699,-82.2801408,936,NA,1
"03237280","05","09","Upper Twin Creek at McGaw OH","OH",38.64368745,-83.21573648,12.2,12.2,1
"03237500","05","09","Ohio Brush Creek near West Union OH","OH",38.8036838,-83.4210226,387,387,1
"03238500","05","09","White Oak Creek near Georgetown OH","OH",38.85812494,-83.9285394,218,218,1
"03241500","05","09","Massies Creek at Wilberforce OH","OH",39.72238889,-83.8823056,63.2,63.2,1
"03280700","05","10","CUTSHIN CREEK AT WOOTON, KY","KY",37.1650931,-83.3079564,61.3,NA,1
"03281100","05","10","GOOSE CREEK AT MANCHESTER, KY","KY",37.15203405,-83.7601974,163,NA,1
"03281500","05","10","SOUTH FORK KENTUCKY RIVER AT BOONEVILLE, KY","KY",37.47981018,-83.6751923,722,NA,1
"03285000","05","10","DIX RIVER NEAR DANVILLE, KY","KY",37.6420234,-84.6607768,318,NA,1
"03291780","05","14","INDIAN-KENTUCK CREEK NEAR CANAAN, IN","IN",38.8781136,-85.2571788,27.5,27.5,1
"03300400","05","14","BEECH FORK AT MAUD, KY","KY",37.83283985,-85.2960686,436,NA,1
"03340800","05","12","BIG RACCOON CREEK NEAR FINCASTLE, IN","IN",39.8125446,-86.9538988,139,NA,1
"03346000","05","12","NORTH FORK EMBARRAS RIVER NEAR OBLONG, IL","IL",39.01027778,-87.9455556,318,NA,1
"03357350","05","12","PLUM CREEK NEAR BAINBRIDGE, IN","IN",39.76171297,-86.7294505,3,NA,1
"03364500","05","12","CLIFTY CREEK AT HARTSVILLE, IN","IN",39.2747732,-85.7016469,91.4,NA,1
"03366500","05","12","MUSCATATUCK RIVER NEAR DEPUTY, IN","IN",38.80422346,-85.673855,293,NA,1
"03368000","05","12","BRUSH CREEK NEAR NEBRASKA, IN","IN",39.07033129,-85.4860766,11.4,NA,1
"03384450","05","14","LUSK CREEK NEAR EDDYVILLE, IL","IL",37.4725833,-88.5476944,42.9,NA,1
"03439000","06","01","FRENCH BROAD RIVER AT ROSMAN, NC","NC",35.1433333,-82.8247222,67.9,NA,1
"03450000","06","01","BEETREE CREEK NEAR SWANNANOA, NC","NC",35.65305556,-82.4052778,5.46,NA,1
"03455500","06","01","W F PIGEON R ABOVE LAKE LOGAN NR HAZELWOOD, NC","NC",35.3961111,-82.9375,27.6,NA,1
"03456500","06","01","EAST FORK PIGEON RIVER NEAR CANTON, NC","NC",35.46166667,-82.8697222,51.5,NA,1
"03460000","06","01","CATALOOCHEE CREEK NEAR CATALOOCHEE, NC","NC",35.6672222,-83.0727778,49.2,NA,1
"03463300","06","01","SOUTH TOE RIVER NEAR CELO, NC","NC",35.83138889,-82.1841667,43.3,NA,1
"03471500","06","01","S F HOLSTON RIVER AT RIVERSIDE, NEAR CHILHOWIE, VA","VA",36.7603931,-81.63122929,76.6,NA,1
"03473000","06","01","S F HOLSTON RIVER NEAR DAMASCUS, VA","VA",36.65178127,-81.8440102,303,NA,1
"03479000","06","01","WATAUGA RIVER NEAR SUGAR GROVE, NC","NC",36.23916667,-81.8222222,92.1,NA,1
"03488000","06","01","N F HOLSTON RIVER NEAR SALTVILLE, VA","VA",36.89678115,-81.7462293,221,NA,1
"03498500","06","01","LITTLE RIVER NEAR MARYVILLE, TN","TN",35.7856206,-83.88460359,269,269,1
"03500000","06","01","LITTLE TENNESSEE RIVER NEAR PRENTISS, NC","NC",35.15,-83.3797222,140,NA,1
"03500240","06","01","CARTOOGECHAYE CREEK NEAR FRANKLIN, NC","NC",35.15888889,-83.3941667,57.1,NA,1
"03504000","06","01","NANTAHALA RIVER NEAR RAINBOW SPRINGS, NC","NC",35.1275,-83.6186111,51.9,NA,1
"03574500","06","03","PAINT ROCK RIVER NEAR WOODVILLE AL","AL",34.6242547,-86.3063737,320,320,1
"03592718","06","03","LITTLE YELLOW CREEK EAST NR BURNSVILLE, MS","MS",34.83555556,-88.2880556,24.7,24.7,1
"03604000","06","04","BUFFALO RIVER NEAR FLAT WOODS, TN","TN",35.49590598,-87.8328037,447,NA,1
"04015330","04","01","KNIFE RIVER NEAR TWO HARBORS, MN","MN",46.94688005,-91.7924013,83.6,NA,1
"04024430","04","01","NEMADJI RIVER NEAR SOUTH SUPERIOR, WI","WI",46.6333333,-92.0938889,420,NA,1
"04027000","04","01","BAD RIVER NEAR ODANAH, WI","WI",46.4866144,-90.696297,597,NA,1
"04040500","04","02","STURGEON RIVER NEAR SIDNAW, MI","MI",46.58410589,-88.5759697,171,NA,1
"04043050","04","02","TRAP ROCK RIVER NEAR LAKE LINDEN, MI","MI",47.22853637,-88.3853928,28,NA,1
"04045500","04","02","TAHQUAMENON RIVER NEAR PARADISE, MI","MI",46.5745833,-85.26963889,790,NA,1
"04056500","04","06","MANISTIQUE RIVER NEAR MANISTIQUE, MI","MI",46.03052857,-86.161249,1100,NA,1
"04057510","04","03","STURGEON RIVER NEAR NAHMA JUNCTION, MI","MI",45.9430235,-86.7056997,183,NA,1
"04057800","04","03","MIDDLE BRANCH ESCANABA RIVER AT HUMBOLDT, MI","MI",46.49910267,-87.8865238,45.7,NA,1
"04059500","04","03","FORD RIVER NEAR HYDE, MI","MI",45.7549674,-87.2020793,450,NA,1
"04063700","04","03","POPPLE RIVER NEAR FENCE, WI","WI",45.7636111,-88.4636111,139,NA,1
"04074950","04","03","WOLF RIVER AT LANGLADE, WI","WI",45.18997026,-88.7334398,463,NA,1
"04105700","04","05","AUGUSTA CREEK NEAR AUGUSTA, MI","MI",42.3533734,-85.3538894,38.9,NA,1
"04115265","04","05","FISH CREEK NEAR CRYSTAL, MI","MI",43.2497545,-84.9811245,39.7,NA,1
"04122200","04","06","WHITE RIVER NEAR WHITEHALL, MI","MI",43.46417856,-86.2325668,406,NA,1
"04122500","04","06","PERE MARQUETTE RIVER AT SCOTTVILLE, MI","MI",43.9450063,-86.2786896,681,NA,1
"04124000","04","06","MANISTEE RIVER NEAR SHERMAN, MI","MI",44.43639239,-85.6986792,857,NA,1
"04127918","04","07","PINE RIVER AT MACKINAC TRAIL NEAR RUDYARD, MI","MI",46.1858505,-84.5978262,202,NA,1
"04127997","04","07","STURGEON RIVER AT WOLVERINE, MI","MI",45.27445746,-84.6000315,192,NA,1
"04161580","04","09","STONY CREEK NEAR ROMEO, MI","MI",42.8008637,-83.0902121,25.6,NA,1
"04185000","04","10","Tiffin River at Stryker OH","OH",41.50449567,-84.4296719,410,410,1
"04196800","04","10","Tymochtee Creek at Crawford OH","OH",40.9228332,-83.3488116,229,229,1
"04197100","04","10","Honey Creek at Melmore OH","OH",41.022278,-83.1096382,149,149,1
"04197170","04","10","Rock Creek at Tiffin OH","OH",41.1136659,-83.1682521,34.6,34.6,1
"04213000","04","12","Conneaut Creek at Conneaut OH","OH",41.92699898,-80.6039659,175,175,1
"04213075","04","12","Brandy Run near Girard, PA","PA",41.9920003,-80.2911737,4.45,NA,1
"04216418","04","12","TONAWANDA CREEK AT ATTICA NY","NY",42.86469444,-78.2834167,76.9,76.9,1
"04221000","04","13","GENESEE RIVER AT WELLSVILLE NY","NY",42.1222222,-77.9572222,288,288,1
"04224775","04","13","CANASERAGA CREEK ABOVE DANSVILLE NY","NY",42.53555556,-77.7041667,88.9,88.9,1
"04233000","04","14","CAYUGA INLET NEAR ITHACA NY","NY",42.39305556,-76.545,35.2,35.2,1
"04256000","04","15","INDEPENDENCE RIVER AT DONNATTSBURG NY","NY",43.74680556,-75.3334444,88.7,88.7,1
"04296000","04","15","BLACK RIVER AT COVENTRY, VT","VT",44.8689363,-72.2701041,122,NA,1
"05056000","09","02","SHEYENNE RIVER NR WARWICK, ND","ND",47.8055534,-98.7162172,2070,760,1
"05057000","09","02","SHEYENNE RIVER NR COOPERSTOWN, ND","ND",47.43277097,-98.0275954,6470,1270,1
"05057200","09","02","BALDHILL CREEK NR DAZEY, ND","ND",47.2291562,-98.1248189,691,351,1
"05062500","09","02","WILD RICE RIVER AT TWIN VALLEY, MN","MN",47.26555556,-96.2475,934,NA,1
"05087500","09","02","MIDDLE RIVER AT ARGYLE, MN","MN",48.3402552,-96.8164502,255,NA,1
"05120500","09","01","WINTERING RIVER NR KARLSRUHE, ND","ND",48.13833739,-100.5398623,705,285,1
"05123400","09","01","WILLOW CREEK NR WILLOW CITY, ND","ND",48.58777637,-100.441523,1160,730,1
"05129115","09","03","VERMILION RIVER NR CRANE LAKE, MN","MN",48.2646282,-92.5659935,905,NA,1
"05131500","09","03","LITTLE FORK RIVER AT LITTLEFORK, MN","MN",48.39577636,-93.5493266,1700,NA,1
"05291000","07","02","WHETSTONE RIVER NEAR BIG STONE CITY, SD","SD",45.2916316,-96.487557,398,NA,1
"05362000","07","05","JUMP RIVER AT SHELDON, WI","WI",45.30802638,-90.956525,576,NA,1
"05393500","07","07","SPIRIT RIVER AT SPIRIT FALLS, WI","WI",45.44916667,-89.9791667,81.6,NA,1
"05399500","07","07","BIG EAU PLEINE RIVER AT STRATFORD, WI","WI",44.8219098,-90.0795754,224,NA,1
"05408000","07","07","KICKAPOO RIVER AT LA FARGE, WI","WI",43.57414037,-90.6431861,266,NA,1
"05412500","07","06","Turkey River at Garber, IA","IA",42.7399884,-91.261799,1545,NA,1
"05413500","07","06","GRANT RIVER AT BURTON, WI","WI",42.72027778,-90.8191667,269,NA,1
"05414000","07","06","PLATTE RIVER NEAR ROCKVILLE, WI","WI",42.7311111,-90.6402778,142,NA,1
"05444000","07","09","ELKHORN CREEK NEAR PENROSE, IL","IL",41.90275,-89.6963889,146,NA,1
"05454000","07","08","Rapid Creek near Iowa City, IA","IA",41.70001667,-91.4876667,25.3,NA,1
"05458000","07","08","Little Cedar River near Ionia, IA","IA",43.03327778,-92.5035444,306,NA,1
"05466500","07","08","EDWARDS RIVER NEAR NEW BOSTON, IL","IL",41.18697738,-90.9673663,445,NA,1
"05487980","07","10","White Breast Creek near Dallas, IA","IA",41.24644444,-93.2901389,333,NA,1
"05488200","07","10","English Creek near Knoxville, IA","IA",41.30038889,-93.0449167,90.1,NA,1
"05489000","07","10","Cedar Creek near Bussey, IA","IA",41.2191111,-92.9088333,374,NA,1
"05495000","07","11","Fox River at Wayland, MO","MO",40.39241667,-91.5978889,400,NA,1
"05495500","07","11","BEAR CREEK NEAR MARCELLINE, IL","IL",40.1428222,-91.3373694,349,NA,1
"05501000","07","11","North River at Palmyra, MO","MO",39.817,-91.5460278,354,NA,1
"05503800","07","11","Crooked Creek near Paris, MO","MO",39.5848333,-91.9935,80,NA,1
"05507600","07","11","Lick Creek at Perry, MO","MO",39.43138889,-91.6766667,104,NA,1
"05508805","07","11","Spencer Creek below Plum Creek near Frankford, MO","MO",39.5206111,-91.3434444,206,NA,1
"05514500","07","11","Cuivre River near Troy, MO","MO",39.01130556,-90.97775,903,NA,1
"05525500","07","12","SUGAR CREEK AT MILFORD, IL","IL",40.62991667,-87.7235278,446,446,1
"05556500","07","13","BIG BUREAU CREEK AT PRINCETON, IL","IL",41.36740278,-89.4979611,196,NA,1
"05584500","07","13","LA MOINE RIVER AT COLMAR, IL","IL",40.33152778,-90.8961944,655,NA,1
"05585000","07","13","LA MOINE RIVER AT RIPLEY, IL","IL",40.0250833,-90.6310556,1293,NA,1
"05591550","07","14","WHITLEY CREEK NEAR ALLENVILLE, IL","IL",39.5067222,-88.5272778,34.6,NA,1
"05592050","07","14","ROBINSON CREEK NEAR SHELBYVILLE, IL","IL",39.40588889,-88.8968056,93.1,NA,1
"05593575","07","14","LITTLE CROOKED CREEK NEAR NEW MINDEN, IL","IL",38.44166667,-89.4166667,84.3,NA,1
"05593900","07","14","EAST FORK SHOAL CREEK NEAR COFFEEN, IL","IL",39.14891667,-89.3524722,55.5,NA,1
"05595730","07","14","RAYSE CREEK NEAR WALTONVILLE, IL","IL",38.25416667,-89.0405556,88,88,1
"06037500","10","02","Madison River near West Yellowstone, MT","MT",44.6570722,-111.0679639,435,NA,1
"06043500","10","02","Gallatin River near Gallatin Gateway, MT","MT",45.4973,-111.2707083,819,NA,1
"06154410","10","05","Little Peoples Creek near Hays MT","MT",47.96575556,-108.6606944,12.9,NA,1
"06188000","10","07","Lamar River nr Tower Ranger Station YNP","WY",44.92817778,-110.3942694,668,NA,1
"06191000","10","07","Gardner River near Mammoth, YNP","MT",44.9923444,-110.690975,198,NA,1
"06191500","10","07","Yellowstone River at Corwin Springs MT","MT",45.1121194,-110.7936667,2616,NA,1
"06221400","10","08","DINWOODY CREEK ABOVE LAKES, NEAR BURRIS, WY","WY",43.34616667,-109.4087778,88.2,NA,1
"06224000","10","08","BULL LAKE CREEK ABOVE BULL LAKE, WY","WY",43.1766111,-109.2025556,187,NA,1
"06278300","10","08","SHELL CREEK ABOVE SHELL CREEK RESERVOIR, WY","WY",44.5080195,-107.4036886,23.1,NA,1
"06280300","10","08","SOUTH FORK SHOSHONE RIVER NEAR VALLEY, WY","WY",44.20788889,-109.55525,297,NA,1
"06289000","10","08","Little Bighorn River at State Line nr Wyola MT","MT",45.0071111,-107.6154083,182,NA,1
"06291500","10","08","Lodge Grass Cr ab Willow Cr diversion, nr Wyola MT","MT",45.12648056,-107.5998917,83.9,NA,1
"06309200","10","09","MIDDLE FORK POWDER RIVER NEAR BARNUM, WY","WY",43.57773999,-107.1383995,45.2,NA,1
"06311000","10","09","NORTH FORK POWDER RIVER NEAR HAZELTON, WY","WY",44.02774228,-107.0808955,24.5,NA,1
"06332515","10","11","BEAR DEN CREEK NR MANDAREE, ND","ND",47.7872369,-102.7685256,74,NA,1
"06339100","10","13","KNIFE RIVER AT MANNING, ND","ND",47.2361259,-102.7699074,205,NA,1
"06339500","10","13","KNIFE RIVER NR GOLDEN VALLEY, ND","ND",47.154453,-102.059892,1230,NA,1
"06344600","10","13","GREEN RIVER NR NEW HRADEC, ND","ND",47.02779158,-103.0532355,152,NA,1
"06350000","10","13","CANNONBALL RIVER AT REGENT, ND","ND",46.42667116,-102.5518303,580,NA,1
"06352000","10","13","CEDAR CREEK NR HAYNES, ND","ND",46.15528136,-102.4757133,553,NA,1
"06353000","10","13","CEDAR CREEK NR RALEIGH, ND","ND",46.09166988,-101.333742,1750,NA,1
"06354000","10","13","CANNONBALL RIVER AT BREIEN, ND","ND",46.3761111,-100.9344444,4100,4100,1
"06360500","10","13","MOREAU RIVER NEAR WHITEHORSE,SD","SD",45.2558171,-100.8429214,4889,4872,1
"06404000","10","12","BATTLE CREEK NEAR KEYSTONE,SD","SD",43.87164727,-103.3363029,58.5,58.5,1
"06406000","10","12","BATTLE CREEK AT HERMOSA,SD","SD",43.82804586,-103.1960211,169,169,1
"06408700","10","12","RHOADS FORK NEAR ROCHFORD,SD","SD",44.13387149,-103.8615912,7.84,7.84,1
"06409000","10","12","CASTLE CREEK ABOVE DEERFIELD RES NEAR HILL CITY,SD","SD",44.01359238,-103.8304784,79.1,79.1,1
"06422500","10","12","BOXELDER CREEK NEAR NEMO,SD","SD",44.1443339,-103.4545385,94.2,94.2,1
"06431500","10","12","SPEARFISH CR AT SPEARFISH,SD","SD",44.48248388,-103.861592,165,165,1
"06441500","10","14","BAD R NEAR FORT PIERRE,SD","SD",44.32664897,-100.3843003,3147,3147,1
"06447000","10","14","WHITE R NEAR KADOKA,SD","SD",43.7524949,-101.5248665,4960,4953,1
"06447500","10","14","LITTLE WHITE R NEAR MARTIN,SD","SD",43.1669155,-101.6327322,313,299,1
"06450500","10","14","LITTLE WHITE R BELOW WHITE RIVER,SD","SD",43.60138549,-100.7498608,1549,1495,1
"06452000","10","14","WHITE R NEAR OACOMA,SD","SD",43.74832745,-99.5564948,9915,9855,1
"06453600","10","17","Ponca Creek at Verdel, Nebr.","NE",42.8108611,-98.1753972,812,NA,1
"06464500","10","15","KEYA PAHA R AT WEWELA,SD","SD",43.0270872,-99.780921,1129,1121,1
"06468170","10","16","JAMES RIVER NR GRACE CITY, ND","ND",47.5580525,-98.862885,1060,410,1
"06468250","10","16","JAMES RIVER ABOVE ARROWWOOD LAKE NR KENSAL, ND","ND",47.3997189,-98.7976057,1200,450,1
"06470800","10","16","BEAR CREEK NR OAKES, ND","ND",46.2252439,-98.0717676,357,102,1
"06477500","10","16","FIRESTEEL CR NEAR MOUNT VERNON,SD","SD",43.77640219,-98.2456658,588,588,1
"06479215","10","17","BIG SIOUX RIVER NR FLORENCE,SD","SD",45.18079549,-97.1861904,68.3,68.3,1
"06479438","10","17","BIG SIOUX R NEAR WATERTOWN,SD","SD",45.0060753,-97.1650756,525,230,1
"06601000","10","23","Omaha Creek at Homer, Nebr.","NE",42.32166667,-96.4877778,174,NA,1
"06614800","10","18","MICHIGAN RIVER NEAR CAMERON PASS, CO","CO",40.49609409,-105.8650119,1.54,NA,1
"06622700","10","18","NORTH BRUSH CREEK NEAR SARATOGA, WY","WY",41.3702447,-106.5205815,37.4,NA,1
"06632400","10","18","ROCK CREEK AB KING CANYON CANAL, NR ARLINGTON, WY","WY",41.58524549,-106.2227908,62.9,NA,1
"06746095","10","19","JOE WRIGHT CREEK ABOVE JOE WRIGHT RESERVOIR, CO","CO",40.5399822,-105.88279,3.14,NA,1
"06775500","10","21","Middle Loup River at Dunning, Nebr.","NE",41.83091667,-100.0995278,1830,79,1
"06784000","10","21","South Loup River at Saint Michael, Nebr.","NE",41.0325,-98.7405556,2320,1590,1
"06803510","10","20","Little Salt Creek near Lincoln, Nebr.","NE",40.89305556,-96.6816667,43.6,NA,1
"06803530","10","20","Rock Creek near Ceresco, Nebr.","NE",41.0158333,-96.5441667,120,NA,1
"06814000","10","24","TURKEY C NR SENECA, KS","KS",39.9477773,-96.1086149,276,276,1
"06846500","10","25","BEAVER C AT CEDAR BLUFFS, KS","KS",39.98500557,-100.560148,1680,1480,1
"06847900","10","25","PRAIRIE DOG C AB KEITH SEBELIUS LAKE, KS","KS",39.769727,-100.1006875,590,590,1
"06853800","10","25","WHITE ROCK C NR BURR OAK, KS","KS",39.89918,-98.2503276,227,227,1
"06876700","10","26","SALT C NR ADA, KS","KS",39.13912778,-97.83655,406,406,1
"06878000","10","26","CHAPMAN C NR CHAPMAN, KS","KS",39.031109,-97.0402922,300,300,1
"06879650","10","27","KINGS C NR MANHATTAN, KS","KS",39.102075,-96.5946889,4.44,4.44,1
"06885500","10","27","BLACK VERMILLION R NR FRANKFORT, KS","KS",39.68194349,-96.4427888,410,410,1
"06888500","10","27","MILL C NR PAXICO, KS","KS",39.06472106,-96.1691605,318,318,1
"06889200","10","27","SOLDIER C NR DELIA, KS","KS",39.23833024,-95.8885992,149,149,1
"06889500","10","27","SOLDIER C NR TOPEKA, KS","KS",39.0994439,-95.7249828,290,290,1
"06892000","10","27","STRANGER C NR TONGANOXIE, KS","KS",39.1163912,-95.0108006,406,406,1
"06903400","10","28","Chariton River near Chariton, IA","IA",40.9519722,-93.2598889,182,NA,1
"06906800","10","30","Lamine River near Otterville, MO","MO",38.70225,-92.9788333,543,NA,1
"06910800","10","29","MARAIS DES CYGNES R NR READING, KS","KS",38.56695524,-95.961657,177,177,1
"06911900","10","29","DRAGOON C NR BURLINGAME, KS","KS",38.7091737,-95.8383205,114,114,1
"06917000","10","29","L OSAGE R AT FULTON, KS","KS",38.00892428,-94.7041264,314,NA,1
"06918460","10","29","Turnback Creek above Greenfield, MO","MO",37.4023611,-93.8020278,252,NA,1
"06919500","10","29","Cedar Creek near Pleasant View, MO","MO",37.83405556,-93.8754722,420,NA,1
"06921070","10","29","Pomme de Terre River near Polk, MO","MO",37.68266667,-93.3703333,276,NA,1
"06921200","10","29","Lindley Creek near Polk, MO","MO",37.7504722,-93.2661944,112,NA,1
"06934000","10","29","Gasconade River near Rich Fountain, MO","MO",38.38880556,-91.8198889,3180,NA,1
"07014500","07","14","Meramec River near Sullivan, MO","MO",38.15852778,-91.1084722,1475,NA,1
"07056000","11","01","Buffalo River near St. Joe, AR","AR",35.98305556,-92.7472222,829,NA,1
"07057500","11","01","North Fork River near Tecumseh, MO","MO",36.62302778,-92.2481389,561,NA,1
"07060710","11","01","North Sylamore Creek near Fifty Six, AR","AR",35.99166667,-92.2138889,58.1,NA,1
"07066000","11","01","Jacks Fork at Eminence, MO","MO",37.1540833,-91.3581667,398,NA,1
"07067000","11","01","Current River at Van Buren, MO","MO",36.99138889,-91.0135,1667,NA,1
"07068000","11","01","Current River at Doniphan, MO","MO",36.6215,-90.8463889,2038,NA,1
"07071500","11","01","Eleven Point River near Bardley, MO","MO",36.64869444,-91.2008333,793,NA,1
"07083000","11","02","HALFMOON CREEK NEAR MALTA, CO","CO",39.17221259,-106.3891926,23.5,NA,1
"07105945","11","02","ROCK CREEK ABOVE FORT CARSON RESERVATION, CO","CO",38.707493,-104.8466403,6.77,NA,1
"07142300","11","03","RATTLESNAKE C NR MACKSVILLE, KS","KS",37.8715361,-98.8758056,697,426,1
"07144780","11","03","NF NINNESCAH R AB CHENEY RE, KS","KS",37.8621972,-98.0137806,713,550,1
"07145700","11","03","SLATE C AT WELLINGTON, KS","KS",37.24946707,-97.4036569,154,154,1
"07148400","11","06","Salt Fork Arkansas River nr Alva, OK","OK",36.81503056,-98.6481395,982,982,1
"07149000","11","06","MEDICINE LODGE R NR KIOWA, KS","KS",37.03890556,-98.4701556,903,903,1
"07151500","11","06","CHIKASKIA R NR CORBIN, KS","KS",37.12868889,-97.6015694,794,794,1
"07167500","11","07","OTTER C AT CLIMAX, KS","KS",37.70819167,-96.2232972,129,129,1
"07180500","11","07","CEDAR C NR CEDAR POINT, KS","KS",38.19653056,-96.8243417,110,110,1
"07184000","11","07","LIGHTNING C NR MCCUNE, KS","KS",37.2811711,-95.0327428,197,197,1
"07195800","11","11","Flint Creek at Springtown, AR","AR",36.2561111,-94.4336111,14.2,NA,1
"07196900","11","11","Baron Fork at Dutch Mills, AR","AR",35.88,-94.4863889,40.6,NA,1
"07197000","11","11","Baron Fork at Eldon, OK","OK",35.9216222,-94.8372472,312,312,1
"07208500","11","08","RAYADO CREEK NEAR CIMARRON, NM","NM",36.37234444,-104.9692889,65,NA,1
"07226500","11","08","UTE CREEK NEAR LOGAN, NM","NM",35.43852778,-103.5257944,1748,1131,1
"07261000","11","11","Cadron Creek near Guy, AR","AR",35.2986111,-92.4038889,169,NA,1
"07290650","08","06","BAYOU PIERRE NR WILLOWS, MS","MS",32.0186111,-90.8783333,654,654,1
"07291000","08","06","HOMOCHITTO RIVER AT EDDICETON, MS","MS",31.50305556,-90.7775,181,181,1
"07292500","08","06","HOMOCHITTO RIVER AT ROSETTA, MS","MS",31.3247222,-91.1094444,787,787,1
"07295000","08","06","BUFFALO RIVER NR WOODVILLE, MS","MS",31.22694444,-91.2955556,180,180,1
"07299670","11","13","Groesbeck Ck at SH 6 nr Quanah, TX","TX",34.35451979,-99.7403719,303,303,1
"07301410","11","12","Sweetwater Ck nr Kelton, TX","TX",35.47310419,-100.1209501,297,281,1
"07301500","11","12","North Fork Red River near Carter, OK","OK",35.16810838,-99.5073128,2652,2073,1
"07315200","11","13","E Fk Little Wichita Rv nr Henrietta, TX","TX",33.81287833,-98.0850406,178,178,1
"07315700","11","13","Mud Creek near Courtney, OK","OK",34.00426516,-97.566968,574,574,1
"07335700","11","14","Kiamichi River near Big Cedar, OK","OK",34.63843685,-94.6127236,39.6,39.6,1
"07340300","11","14","Cossatot River near Vandervoort, AR","AR",34.38,-94.2363889,89.6,NA,1
"07346045","11","14","Black Cypress Bayou at Jefferson, TX","TX",32.7779173,-94.3574153,365,365,1
"07359610","08","04","Caddo River near Caddo Gap, AR","AR",34.38277778,-93.6061111,136,NA,1
"07362100","08","04","Smackover Creek near Smackover, AR","AR",33.37527778,-92.7766667,385,NA,1
"07373000","08","04","Big Creek at Pollock, LA","LA",31.5362873,-92.4084714,51,NA,1
"07375000","08","09","Tchefuncte River near Folsom, LA","LA",30.6160223,-90.2486954,103,95.5,1
"07376000","08","07","Tickfaw River at Holden, LA","LA",30.5038016,-90.6773163,247,NA,1
"07377000","08","07","Amite River near Darlington, LA","LA",30.8890694,-90.8445454,580,NA,1
"08013000","08","08","Calcasieu River nr Glenmora, LA","LA",30.99666667,-92.6736111,499,NA,1
"08014500","08","08","Ouiska Chitto Creek Near Oberlin, LA","LA",30.69875,-92.8931944,510,NA,1
"08023080","12","01","Bayou Grand Cane near Stanley, LA","LA",31.9627225,-93.9411609,72.5,NA,1
"08025500","12","01","Bayou Toro near Toro, LA","LA",31.30712737,-93.5157295,148,NA,1
"08029500","12","01","Big Cow Ck nr Newton, TX","TX",30.81888889,-93.7855556,128,128,1
"08050800","12","03","Timber Ck nr Collinsville, TX","TX",33.55455428,-96.9472267,38.8,38.8,1
"08066200","12","03","Long King Ck at Livingston, TX","TX",30.716306,-94.9588237,141,141,1
"08066300","12","03","Menard Ck nr Rye, TX","TX",30.48138889,-94.7797222,152,152,1
"08070000","12","04","E Fk San Jacinto Rv nr Cleveland, TX","TX",30.33659809,-95.1040999,325,325,1
"08070200","12","04","E Fk San Jacinto Rv nr New Caney, TX","TX",30.14523056,-95.1246139,388,388,1
"08079600","12","05","DMF Brazos Rv at Justiceburg, TX","TX",33.03843236,-101.1976302,1466,244,1
"08082700","12","06","Millers Ck nr Munday, TX","TX",33.32926607,-99.4650825,104,104,1
"08086212","12","06","Hubbard Ck bl Albany, TX","TX",32.73289717,-99.1406299,613,613,1
"08086290","12","06","Big Sandy Ck abv Breckenridge, TX","TX",32.64845613,-99.0045146,280,280,1
"08101000","12","07","Cowhouse Ck at Pidcoke, TX","TX",31.2848902,-97.8850244,455,455,1
"08103900","12","07","S Fk Rocky Ck nr Briggs, TX","TX",30.91156805,-98.0369676,33.3,33.3,1
"08104900","12","07","S Fk San Gabriel Rv at Georgetown, TX","TX",30.6257499,-97.6911204,133,133,1
"08109700","12","07","Middle Yegua Ck nr Dime Box, TX","TX",30.33937764,-96.9047037,236,236,1
"08150800","12","09","Beaver Ck nr Mason, TX","TX",30.64351548,-99.0958848,215,215,1
"08155200","12","09","Barton Ck at SH 71 nr Oak Hill, TX","TX",30.29631587,-97.925565,89.7,89.7,1
"08158700","12","09","Onion Ck nr Driftwood, TX","TX",30.08298924,-98.0077859,124,124,1
"08158810","12","09","Bear Ck bl FM 1826 nr Driftwood, TX","TX",30.15548749,-97.9400076,12.2,12.2,1
"08164000","12","10","Lavaca Rv nr Edna, TX","TX",28.95998449,-96.6863668,817,817,1
"08164300","12","10","Navidad Rv nr Hallettsville, TX","TX",29.466908,-96.812756,332,332,1
"08164600","12","10","Garcitas Ck nr Inez, TX","TX",28.8913759,-96.8191486,91.7,91.7,1
"08165300","12","10","N Fk Guadalupe Rv nr Hunt, TX","TX",30.06409747,-99.3869916,169,169,1
"08171300","12","10","Blanco Rv nr Kyle, TX","TX",29.97938297,-97.9100051,412,412,1
"08175000","12","10","Sandies Ck nr Westhoff, TX","TX",29.2152475,-97.4494353,549,549,1
"08176900","12","10","Coleto Ck at Arnold Rd Crsg nr Schroeder, TX","TX",28.86165308,-97.2263791,357,357,1
"08178880","12","10","Medina Rv at Bandera, TX","TX",29.72383537,-99.070035,328,328,1
"08189500","12","10","Mission Rv at Refugio, TX","TX",28.29195088,-97.2791593,690,690,1
"08190000","12","11","Nueces Rv at Laguna, TX","TX",29.42856679,-99.997287,737,737,1
"08190500","12","11","W Nueces Rv nr Brackettville, TX","TX",29.48108333,-100.2391667,694,694,1
"08194200","12","11","San Casimiro Ck nr Freer, TX","TX",27.96501329,-98.9669678,469,469,1
"08195000","12","11","Frio Rv at Concan, TX","TX",29.48856496,-99.7047756,389,389,1
"08196000","12","11","Dry Frio Rv nr Reagan Wells, TX","TX",29.50467576,-99.7814452,126,126,1
"08198500","12","11","Sabinal Rv at Sabinal, TX","TX",29.31430556,-99.4804722,241,241,1
"08200000","12","11","Hondo Ck nr Tarpley, TX","TX",29.57003056,-99.2476889,95.6,95.6,1
"08202700","12","11","Seco Ck at Rowe Rh nr D'Hanis, TX","TX",29.37078917,-99.2878185,168,168,1
"08267500","13","02","RIO HONDO NEAR VALDEZ, NM","NM",36.5417972,-105.5565222,36.2,NA,1
"08269000","13","02","RIO PUEBLO DE TAOS NEAR TAOS, NM","NM",36.43944444,-105.5036111,66.6,NA,1
"08271000","13","02","RIO LUCERO NEAR ARROYO SECO, NM","NM",36.50828889,-105.5309639,16.6,NA,1
"08324000","13","02","JEMEZ RIVER NEAR JEMEZ, NM","NM",35.6619833,-106.7434389,470,NA,1
"08377900","13","06","RIO MORA NEAR TERRERO, NM","NM",35.77711389,-105.6580278,53.2,NA,1
"08378500","13","06","PECOS RIVER NEAR PECOS, NM","NM",35.70835,-105.6827028,189,NA,1
"08380500","13","06","GALLINAS CREEK NEAR MONTEZUMA, NM","NM",35.65199444,-105.3188306,84,NA,1
"09034900","14","01","BOBTAIL CREEK NEAR JONES PASS, CO","CO",39.76026447,-105.9064014,5.6,NA,1
"09035800","14","01","DARLING CREEK NEAR LEAL, CO.","CO",39.8005418,-106.0264066,8.78,NA,1
"09035900","14","01","SOUTH FORK OF WILLIAMS FORK NEAR LEAL, CO","CO",39.79581958,-106.0305734,27.4,NA,1
"09047700","14","01","KEYSTONE GULCH NEAR DILLON, CO.","CO",39.59443117,-105.9725158,9.14,NA,1
"09065500","14","01","GORE CREEK AT UPPER STATION, NEAR MINTURN, CO.","CO",39.6258193,-106.2780823,14.5,NA,1
"09066000","14","01","BLACK GORE CREEK NEAR MINTURN, CO.","CO",39.59637495,-106.2650264,12.5,NA,1
"09066200","14","01","BOOTH CREEK NEAR MINTURN, CO.","CO",39.64831927,-106.3230833,6.18,NA,1
"09066300","14","01","MIDDLE CREEK NEAR MINTURN, CO.","CO",39.6458193,-106.3822512,5.96,NA,1
"09081600","14","01","CRYSTAL RIVER ABV AVALANCHE CRK, NEAR REDSTONE, CO","CO",39.23263889,-107.2275,167,NA,1
"09107000","14","02","TAYLOR RIVER AT TAYLOR PARK, CO.","CO",38.86027127,-106.5666966,128,NA,1
"09183500","14","03","MILL CREEK AT SHELEY TUNNEL, NEAR MOAB, UT","UT",38.4830403,-109.4040043,26.8,NA,1
"09210500","14","04","FONTENELLE C NR HERSCHLER RANCH, NR FONTENELLE, WY","WY",42.09580556,-110.4160833,152,NA,1
"09223000","14","04","HAMS FORK BELOW POLE CREEK, NEAR FRONTIER, WY","WY",42.11088889,-110.7094167,128,NA,1
"09306242","14","05","CORRAL GULCH NEAR RANGELY, CO","CO",39.9202502,-108.4728719,31.8,NA,1
"09312600","14","06","WHITE R BL TABBYUNE CRK NR SOLDIER SUMMIT, UT","UT",39.8757928,-111.0373878,75.6,NA,1
"09352900","14","08","VALLECITO CREEK NEAR BAYFIELD, CO.","CO",37.47750126,-107.5436688,72.5,NA,1
"09378170","14","08","SOUTH CREEK ABOVE RESERVOIR NEAR MONTICELLO, UT","UT",37.8466608,-109.3695625,8.64,NA,1
"09378630","14","08","RECAPTURE CREEK NEAR BLANDING, UT","UT",37.7555504,-109.476511,3.77,NA,1
"09386900","15","02","RIO NUTRIA NEAR RAMAH, NM","NM",35.28255278,-108.552975,71.4,NA,1
"09404450","15","01","EAST FORK VIRGIN RIVER NEAR GLENDALE, UT","UT",37.3394272,-112.6043769,74.2,NA,1
"09430500","15","04","GILA RIVER NEAR GILA, NM","NM",33.06150278,-108.5373861,1864,NA,1
"09430600","15","04","MOGOLLON CREEK NEAR CLIFF, NM","NM",33.16666667,-108.6497222,69,NA,1
"09447800","15","04","BONITA CREEK NEAR MORENCI, AZ.","AZ",32.95561778,-109.5311876,302,NA,1
"09480000","15","05","SANTA CRUZ RIVER NEAR LOCHIEL, AZ","AZ",31.35537817,-110.5895264,82.2,NA,1
"09484000","15","05","SABINO CREEK NEAR TUCSON, AZ","AZ",32.3147222,-110.8109167,35.5,NA,1
"09484600","15","05","PANTANO WASH NEAR VAIL, AZ.","AZ",32.0359141,-110.6775818,457,NA,1
"09492400","15","06","EAST FORK WHITE RIVER NEAR FORT APACHE, AZ.","AZ",33.8222723,-109.8145413,38.8,NA,1
"09494000","15","06","WHITE RIVER NEAR FORT APACHE, AZ.","AZ",33.73644059,-110.166767,632,NA,1
"09497800","15","06","CIBECUE CREEK NEAR CHRYSOTILE, AZ","AZ",33.8431053,-110.5576092,295,NA,1
"09497980","15","06","CHERRY CREEK NEAR GLOBE, AZ","AZ",33.8278262,-110.8562266,200,NA,1
"09505200","15","06","WET BEAVER CREEK NEAR RIMROCK, AZ","AZ",34.67474409,-111.672094,111,NA,1
"09505350","15","06","DRY BEAVER CREEK NEAR RIMROCK, AZ","AZ",34.72863146,-111.775708,142,NA,1
"09505800","15","06","WEST CLEAR CREEK NEAR CAMP VERDE, AZ","AZ",34.53863606,-111.6940356,241,NA,1
"09508300","15","06","WET BOTTOM CREEK NEAR CHILDS, AZ","AZ",34.16086787,-111.6929235,36.4,NA,1
"09510200","15","06","SYCAMORE CREEK NEAR FORT MCDOWELL, AZ","AZ",33.69421054,-111.541802,164,NA,1
"09512280","15","06","CAVE CREEK BLW COTTONWOOD CR NEAR CAVE CREEK, AZ.","AZ",33.88725977,-111.9540388,82.7,NA,1
"09513780","15","07","NEW RIVER NEAR ROCK SPRINGS, AZ.","AZ",33.97420168,-112.0990458,68.3,NA,1
"09535100","15","08","SAN SIMON WASH NEAR PISINIMO, AZ.","AZ",32.044237,-112.3709706,569,NA,1
"10023000","16","01","BIG CREEK NEAR RANDOLPH, UT","UT",41.60994177,-111.2540876,52.4,NA,1
"10109001","16","01","COM F LOGAN R AB ST D AND CACHE HL CAN NR LOGAN UT","UT",41.74437546,-111.7843867,214,NA,1
"10166430","16","02","WEST CANYON CREEK NEAR CEDAR FORT, UT","UT",40.40522565,-112.1004959,26.8,NA,1
"10172200","16","02","RED BUTTE CREEK AT FORT DOUGLAS, NEAR SLC, UT","UT",40.77994627,-111.806045,7.25,NA,1
"10172700","16","02","VERNON CREEK NEAR VERNON, UT","UT",39.97939105,-112.3802297,25,NA,1
"10172800","16","02","SOUTH WILLOW CREEK NEAR GRANTSVILLE, UT","UT",40.49633109,-112.5744028,4.19,NA,1
"10173450","16","03","MAMMOTH CREEK ABV WEST HATCH DITCH, NEAR HATCH, UT","UT",37.6227572,-112.5168773,105,NA,1
"10234500","16","03","BEAVER RIVER NEAR BEAVER, UT","UT",38.2798,-112.568286,91,NA,1
"10242000","16","03","COAL CREEK NEAR CEDAR CITY, UT","UT",37.67219924,-113.0346702,80.9,NA,1
"10244950","16","06","STEPTOE CK NR ELY, NV","NV",39.20153889,-114.689161,11.1,NA,1
"10249300","16","06","S TWIN RV NR ROUND MOUNTAIN, NV","NV",38.8874302,-117.2453673,20,NA,1
"10258000","18","10","TAHQUITZ C NR PALM SPRINGS CA","CA",33.80501929,-116.5591816,16.9,NA,1
"10258500","18","10","PALM CYN C NR PALM SPRINGS CA","CA",33.74502178,-116.5355709,93.1,NA,1
"10259000","18","10","ANDREAS C NR PALM SPRINGS CA","CA",33.7600211,-116.5500155,8.65,NA,1
"10259200","18","10","DEEP C NR PALM DESERT CA","CA",33.63113647,-116.3922342,30.6,NA,1
"10263500","18","09","BIG ROCK C NR VALYERMO CA","CA",34.42083115,-117.8395072,22.9,NA,1
"10308200","16","05","E FK CARSON RV BLW MARKLEEVILLE CK NR MARKLEEVILLE","CA",38.7146274,-119.7648985,276,NA,1
"10310500","16","05","CLEAR CK NR CARSON CITY, NV","NV",39.11324216,-119.7982365,15.5,NA,1
"10316500","16","04","LAMOILLE CK NR LAMOILLE, NV","NV",40.69076057,-115.477003,24.9,NA,1
"10329500","16","04","MARTIN CK NR PARADISE VALLEY, NV","NV",41.5346175,-117.4179047,175.25,NA,1
"10336645","16","05","GENERAL C NR MEEKS BAY CA","CA",39.05185197,-120.1185209,7.44,NA,1
"10336660","16","05","BLACKWOOD C NR TAHOE CITY CA","CA",39.10740708,-120.1621352,11.2,NA,1
"10336676","16","05","WARD C AT HWY 89 NR TAHOE PINES CA","CA",39.1321292,-120.1576913,9.7,NA,1
"10336740","16","05","LOGAN HOUSE CK NR GLENBROOK, NV","NV",39.06657478,-119.9354605,2.09,NA,1
"10343500","16","05","SAGEHEN C NR TRUCKEE CA","CA",39.43157246,-120.2379793,10.5,NA,1
"10348850","16","05","GALENA CK AT GALENA CK STATE PARK, NV","NV",39.35435414,-119.8585225,7.69,NA,1
"10396000","17","12","DONNER UND BLITZEN RIVER NR FRENCHGLEN OR","OR",42.7908333,-118.8675,200,200,1
"11015000","18","07","SWEETWATER R NR DESCANSO CA","CA",32.8347737,-116.6230747,45.4,NA,1
"11098000","18","07","ARROYO SECO NR PASADENA CA","CA",34.22222629,-118.1775727,16,NA,1
"11124500","18","06","SANTA CRUZ C NR SANTA YNEZ CA","CA",34.5966563,-119.9087519,74,NA,1
"11141280","18","06","LOPEZ C NR ARROYO GRANDE CA","CA",35.23553035,-120.4723857,20.9,NA,1
"11143000","18","06","BIG SUR R NR BIG SUR CA","CA",36.24579648,-121.7732872,46.5,NA,1
"11148900","18","06","NACIMIENTO R BL SAPAQUE C NR BRYSON CA","CA",35.78857918,-121.0938048,162,NA,1
"11151300","18","06","SAN LORENZO C BL BITTERWATER C NR KING CITY CA","CA",36.26802087,-121.066303,233,NA,1
"11162500","18","05","PESCADERO C NR PESCADERO CA","CA",37.26077707,-122.3288602,45.9,NA,1
"11176400","18","05","ARROYO VALLE BL LANG CYN NR LIVERMORE CA","CA",37.56132196,-121.6838389,130,NA,1
"11180500","18","05","DRY C A UNION CITY CA","CA",37.6060452,-122.0238504,9.39,NA,1
"11180960","18","05","CULL C AB CULL C RES NR CASTRO VALLEY CA","CA",37.71770737,-122.0544067,5.79,NA,1
"11224500","18","03","LOS GATOS C AB NUNEZ CYN NR COALINGA CA","CA",36.21467719,-120.4707116,95.8,NA,1
"11230500","18","04","BEAR C NR LAKE THOMAS A EDISON CA","CA",37.3393863,-118.9734513,52.5,NA,1
"11237500","18","04","PITMAN C BL TAMARACK C CA","CA",37.19855659,-119.2137328,22.9,NA,1
"11253310","18","03","CANTUA C NR CANTUA CREEK CA","CA",36.40217399,-120.4334917,46.4,NA,1
"11264500","18","04","MERCED R A HAPPY ISLES BRIDGE NR YOSEMITE CA","CA",37.73131496,-119.5590514,181,NA,1
"11266500","18","04","MERCED R A POHONO BRIDGE NR YOSEMITE CA","CA",37.71627778,-119.6656667,321,NA,1
"11274500","18","04","ORESTIMBA C NR NEWMAN CA","CA",37.31549247,-121.1252081,134,NA,1
"11274630","18","04","DEL PUERTO C NR PATTERSON CA","CA",37.48659935,-121.2091026,72.6,NA,1
"11284400","18","04","BIG C AB WHITES GULCH NR GROVELAND CA","CA",37.8418714,-120.1849103,16.4,NA,1
"11299600","18","04","BLACK C NR COPPEROPOLIS CA","CA",37.96103615,-120.6152035,14.4,NA,1
"11315000","18","04","COLE C NR SALT SPRINGS DAM CA","CA",38.5190783,-120.2126928,21,NA,1
"11381500","18","02","MILL C NR LOS MOLINOS CA","CA",40.0546022,-122.0241541,131,NA,1
"11383500","18","02","DEER C NR VINA CA","CA",40.01404745,-121.9483181,208,NA,1
"11427700","18","02","DUNCAN CYN C NR FRENCH MEADOWS CA","CA",39.1357376,-120.4785353,9.94,NA,1
"11451100","18","02","NF CACHE C A HOUGH SPRING NR CLEARLAKE OAKS CA","CA",39.1654458,-122.6199862,60.2,NA,1
"11468500","18","01","NOYO R NR FORT BRAGG CA","CA",39.42822378,-123.7377917,106,NA,1
"11473900","18","01","MF EEL R NR DOS RIOS CA","CA",39.70626687,-123.3252913,745,NA,1
"11475560","18","01","ELDER C NR BRANSCOMB CA","CA",39.7295997,-123.6439073,6.5,NA,1
"11476600","18","01","BULL C NR WEOTT CA","CA",40.351528,-124.0050423,28.1,NA,1
"11478500","18","01","VAN DUZEN R NR BRIDGEVILLE CA","CA",40.48041636,-123.890876,222,NA,1
"11480390","18","01","MAD R AB RUTH RES NR FOREST GLEN CA","CA",40.28431329,-123.3353034,93.8,NA,1
"11481200","18","01","LITTLE R NR TRINIDAD CA","CA",41.0098479,-124.0814555,40.5,NA,1
"11482500","18","01","REDWOOD C A ORICK CA","CA",41.2992896,-124.0511825,277,NA,1
"11522500","18","01","SALMON R A SOMES BAR CA","CA",41.3765154,-123.4770026,751,NA,1
"11523200","18","01","TRINITY R AB COFFEE C NR TRINITY CENTER CA","CA",41.1112571,-122.7055788,149,NA,1
"11528700","18","01","SF TRINITY R BL HYAMPOM CA","CA",40.6498627,-123.4942046,764,NA,1
"11532500","18","01","SMITH R NR CRESCENT CITY CA","CA",41.7915026,-124.0761887,614,NA,1
"12010000","17","10","NASELLE RIVER NEAR NASELLE, WA","WA",46.3739937,-123.743482,54.8,NA,1
"12013500","17","10","WILLAPA RIVER NEAR WILLAPA, WA","WA",46.65093418,-123.6526584,130,NA,1
"12020000","17","10","CHEHALIS RIVER NEAR DOTY, WA","WA",46.6173236,-123.277644,113,NA,1
"12025000","17","10","NEWAUKUM RIVER NEAR CHEHALIS, WA","WA",46.6201042,-122.945126,155,NA,1
"12025700","17","10","SKOOKUMCHUCK RIVER NEAR VAIL, WA","WA",46.77260276,-122.5940086,40,NA,1
"12035000","17","10","SATSOP RIVER NEAR SATSOP, WA","WA",47.0006512,-123.4948838,299,NA,1
"12040500","17","10","QUEETS RIVER NEAR CLEARWATER, WA","WA",47.5378588,-124.3157457,445,NA,1
"12041200","17","10","HOH RIVER AT US HIGHWAY 101 NEAR FORKS, WA","WA",47.80674726,-124.2510329,253,NA,1
"12043000","17","10","CALAWAH RIVER NEAR FORKS, WA","WA",47.96007697,-124.3929872,129,NA,1
"12048000","17","11","DUNGENESS RIVER NEAR SEQUIM, WA","WA",48.0142578,-123.1326773,156,NA,1
"12054000","17","11","DUCKABUSH RIVER NEAR BRINNON, WA","WA",47.68398059,-123.011551,66.5,NA,1
"12056500","17","11","NF SKOKOMISH R BL STAIRCASE RPDS NR HOODSPORT, WA","WA",47.51425666,-123.3298868,57.2,NA,1
"12073500","17","11","HUGE CREEK NEAR WAUNA, WA","WA",47.38926205,-122.6990241,6.47,NA,1
"12082500","17","11","NISQUALLY RIVER NEAR NATIONAL, WA","WA",46.75260766,-122.0837194,133,NA,1
"12092000","17","11","PUYALLUP RIVER NEAR ELECTRON, WA","WA",46.9037164,-122.0351092,92.8,NA,1
"12095000","17","11","SOUTH PRAIRIE CREEK AT SOUTH PRAIRIE, WA","WA",47.13954628,-122.0926135,79.5,NA,1
"12114500","17","11","CEDAR RIVER BELOW BEAR CREEK NEAR CEDAR FALLS, WA","WA",47.34205417,-121.5489858,25.4,NA,1
"12115000","17","11","CEDAR RIVER NEAR CEDAR FALLS, WA","WA",47.3701073,-121.6251009,40.7,NA,1
"12115500","17","11","REX RIVER NEAR CEDAR FALLS, WA","WA",47.35066169,-121.6631582,13.4,NA,1
"12117000","17","11","TAYLOR CREEK NEAR SELLECK, WA","WA",47.3864913,-121.8462217,17.2,NA,1
"12141300","17","11","MIDDLE FORK SNOQUALMIE RIVER NEAR TANNER, WA","WA",47.48593975,-121.6478809,154,NA,1
"12143600","17","11","SF SNOQUALMIE RIVER AT EDGEWICK, WA","WA",47.45260396,-121.7178847,65.9,NA,1
"12144000","17","11","SF SNOQUALMIE RIVER AT NORTH BEND, WA","WA",47.49288017,-121.7901109,81.7,NA,1
"12145500","17","11","RAGING RIVER NEAR FALL CITY, WA","WA",47.53982388,-121.9090047,30.6,NA,1
"12147500","17","11","NORTH FORK TOLT RIVER NEAR CARNATION, WA","WA",47.71232365,-121.7887272,39.9,NA,1
"12147600","17","11","SOUTH FORK TOLT RIVER NEAR INDEX, WA","WA",47.7067714,-121.6001069,5.34,NA,1
"12167000","17","11","NF STILLAGUAMISH RIVER NEAR ARLINGTON, WA","WA",48.26149178,-122.0476407,262,NA,1
"12175500","17","11","THUNDER CREEK NEAR NEWHALEM, WA","WA",48.6726287,-121.0728964,105,NA,1
"12178100","17","11","NEWHALEM CREEK NEAR NEWHALEM, WA","WA",48.66012536,-121.2476233,26.9,NA,1
"12186000","17","11","SAUK RIVER AB WHITE CHUCK RIVER NR  DARRINGTON, WA","WA",48.16872009,-121.4706723,152,NA,1
"12189500","17","11","SAUK RIVER NEAR SAUK, WA","WA",48.42455859,-121.5684634,714,NA,1
"12358500","17","01","M F Flathead River near West Glacier MT","MT",48.49551667,-114.0102083,1125,NA,1
"12374250","17","01","Mill Cr ab Bassoo Cr nr Niarada MT","MT",47.82982778,-114.6978333,19.6,NA,1
"12375900","17","01","South Crow Creek near Ronan MT","MT",47.4914361,-114.0266444,7.61,NA,1
"12377150","17","01","Mission Creek ab reservoir nr St. Ignatius MT","MT",47.3228222,-113.9793806,12.4,NA,1
"12381400","17","01","South Fork Jocko River near Arlee MT","MT",47.19555,-113.850736,57.6,NA,1
"12383500","17","01","Big Knife Creek near Arlee MT","MT",47.1472611,-113.974475,6.86,NA,1
"12388400","17","01","Revais Cr bl West Fork nr Dixon MT","MT",47.26630278,-114.4068444,23.3,NA,1
"12390700","17","01","Prospect Creek at Thompson Falls MT","MT",47.5860611,-115.3551,182,NA,1
"12411000","17","01","NF COEUR D ALENE R AB SHOSHONE CK NR PRICHARD ID","ID",47.7061111,-115.9791667,335,335,1
"12413000","17","01","NF COEUR D ALENE RIVER AT ENAVILLE ID","ID",47.5722,-116.2528,895,895,1
"12414500","17","01","ST JOE RIVER AT CALDER, ID","ID",47.2744444,-116.1888889,1025,NA,1
"12447390","17","02","ANDREWS CREEK NEAR MAZAMA, WA","WA",48.8229245,-120.1459245,22.1,NA,1
"12451000","17","02","STEHEKIN RIVER AT STEHEKIN, WA","WA",48.32958017,-120.6917668,321,NA,1
"12488500","17","03","AMERICAN RIVER NEAR NILE, WA","WA",46.97761606,-121.168696,78.9,NA,1
"13010065","17","04","SNAKE RIVER AB JACKSON LAKE AT FLAGG RANCH WY","WY",44.09888889,-110.6675,486,486,1
"13011500","17","04","PACIFIC CREEK AT MORAN, WY","WY",43.85105315,-110.5171505,169,169,1
"13011900","17","04","BUFFALO FORK AB LAVA CREEK NR MORAN WY","WY",43.83805556,-110.4408333,323,323,1
"13018300","17","04","CACHE CREEK NEAR JACKSON, WY","WY",43.45215258,-110.7040913,10.6,NA,1
"13023000","17","04","GREYS RIVER ABOVE RESERVOIR, NEAR ALPINE, WY","WY",43.14305556,-110.9769444,448,448,1
"13083000","17","04","TRAPPER CREEK NR OAKLEY ID","ID",42.1658333,-113.983611,52,NA,1
"13161500","17","05","BRUNEAU RV AT ROWLAND, NV","NV",41.9332368,-115.6745268,382,NA,1
"13185000","17","05","BOISE RIVER NR TWIN SPRINGS ID","ID",43.66805556,-115.7252778,832,NA,1
"13235000","17","05","SOUTH FORK PAYETTE RIVER AT LOWMAN, ID","ID",44.08527778,-115.6222222,446,NA,1
"13240000","17","05","LAKE FORK PAYETTE RIVER AB JUMBO CR NR MCCALL ID","ID",44.9136111,-115.9972222,48.9,48.9,1
"13310700","17","06","SF SALMON RIVER NR KRASSEL RANGER STATION ID","ID",44.9869444,-115.725,330,NA,1
"13313000","17","06","JOHNSON CREEK AT YELLOW PINE ID","ID",44.96166667,-115.5,218,NA,1
"13331500","17","06","MINAM RIVER AT MINAM, OR","OR",45.6198669,-117.7265892,240,NA,1
"13337000","17","06","LOCHSA RIVER NR LOWELL ID","ID",46.1508333,-115.5872222,1178,NA,1
"13338500","17","06","SF CLEARWATER RIVER AT STITES ID","ID",46.08638889,-115.9766667,1168,NA,1
"13340000","17","06","CLEARWATER RIVER AT OROFINO ID","ID",46.4783333,-116.2575,5507,NA,1
"13340600","17","06","NF CLEARWATER RIVER NR CANYON RANGER STATION ID","ID",46.84055556,-115.621111,1296,NA,1
"14020000","17","07","UMATILLA RIVER ABOVE MEACHAM CREEK, NR GIBBON, OR","OR",45.71957668,-118.3232913,131,NA,1
"14092750","17","07","SHITIKE CRK AT PETERS PASTURE, NR WARM SPRINGS, OR","OR",44.75039516,-121.633397,22.9,NA,1
"14096850","17","07","BEAVER CREEK BELOW QUARTZ CREEK, NR SIMNASHO, OR","OR",44.9587272,-121.3942286,145,NA,1
"14137000","17","08","SANDY RIVER NEAR MARMOT, OR","OR",45.3995642,-122.1373068,264,NA,1
"14138800","17","08","BLAZED ALDER CREEK NEAR RHODODENDRON, OR","OR",45.4526183,-121.8914684,8.17,NA,1
"14138870","17","08","FIR CREEK NEAR BRIGHTWOOD, OR","OR",45.48011889,-122.0256385,5.46,NA,1
"14138900","17","08","NORTH FORK BULL RUN RIVER NEAR MULTNOMAH FALLS, OR","OR",45.4942856,-122.0359167,8.32,NA,1
"14139800","17","08","SOUTH FORK BULL RUN RIVER NEAR BULL RUN, OR","OR",45.444564,-122.1095292,15.7,NA,1
"14141500","17","08","LITTLE SANDY RIVER NEAR BULL RUN, OR","OR",45.41539777,-122.1714746,23.1,NA,1
"14154500","17","09","ROW RIVER ABOVE PITCHER CREEK, NEAR DORENA, OR","OR",43.7359565,-122.8734019,211,NA,1
"14158500","17","09","MCKENZIE RIVER AT OUTLET OF CLEAR LAKE, OR","OR",44.3609545,-121.9956172,92.4,NA,1
"14158790","17","09","SMITH RIVER ABV SMITH R RESV,NR BELKNAP SPRNGS,OR","OR",44.3345666,-122.0470074,15.6,NA,1
"14166500","17","09","LONG TOM RIVER NEAR NOTI, OR","OR",44.04984478,-123.4262097,89.3,NA,1
"14182500","17","09","LITTLE NORTH SANTIAM RIVER NEAR MEHAMA, OR","OR",44.7915108,-122.5789738,112,NA,1
"14185000","17","09","SOUTH SANTIAM RIVER BELOW CASCADIA, OR","OR",44.39179225,-122.4975817,174,NA,1
"14185900","17","09","QUARTZVILLE CREEK NEAR CASCADIA, OR","OR",44.54012357,-122.4359155,99.2,NA,1
"14187000","17","09","WILEY CREEK NEAR FOSTER, OR","OR",44.37234769,-122.6231384,51.8,NA,1
"14216500","17","08","MUDDY RIVER BELOW CLEAR CREEK NEAR COUGAR, WA","WA",46.0756688,-121.9986982,135,NA,1
"14222500","17","08","EAST FORK LEWIS RIVER NEAR HEISSON, WA","WA",45.8367809,-122.4662083,125,NA,1
"14236200","17","08","TILTON RIVER AB BEAR CANYON CREEK NEAR CINEBAR, WA","WA",46.5953843,-122.4595564,141,NA,1
"14301000","17","10","NEHALEM RIVER NEAR FOSS, OR","OR",45.7039986,-123.755405,667,NA,1
"14303200","17","10","TUCCA CREEK NEAR BLAINE, OR.","OR",45.32427635,-123.5465012,3.09,NA,1
"14305500","17","10","SILETZ RIVER AT SILETZ, OR","OR",44.7151172,-123.8873348,202,NA,1
"14306340","17","10","EAST FORK LOBSTER CREEK NEAR ALSEA, OR.","OR",44.24789909,-123.6364936,5.7,NA,1
"14306500","17","10","ALSEA RIVER NEAR TIDEWATER, OR","OR",44.3859538,-123.831778,334,NA,1
"14308990","17","10","COW CREEK ABV GALESVILLE RES, NR AZALEA, OR.","OR",42.82317665,-123.1258922,64.7,NA,1
"14309500","17","10","WEST FORK COW CREEK NEAR GLENDALE, OR","OR",42.80400356,-123.6109071,86.9,NA,1
"14316700","17","10","STEAMBOAT CREEK NEAR GLIDE, OR","OR",43.349842,-122.7289415,227,NA,1
"14325000","17","10","SOUTH FORK COQUILLE RIVER AT POWERS, OR","OR",42.89149904,-124.070652,169,NA,1
"14362250","17","10","STAR GULCH NEAR RUCH, OR","OR",42.15401355,-123.075323,16,NA,1
"14400000","17","10","CHETCO RIVER NEAR BROOKINGS, OR","OR",42.12344278,-124.1873107,271,NA,1
"15072000","19","01","FISH C NR KETCHIKAN AK","AK",55.3916038,-131.1955833,34.6,NA,0
"15085100","19","01","OLD TOM C NR KASAAN AK","AK",55.3951944,-132.4086268,6.3,NA,0
"15129500","19","01","SITUK R NR YAKUTAT AK","AK",59.58636636,-139.4941877,35.5,NA,0
"15239050","19","02","MF BRADLEY R NR HOMER AK","AK",59.77774568,-150.7562948,9.1,NA,0
"15266300","19","02","KENAI R AT SOLDOTNA AK","AK",60.4769289,-151.0816675,2020,NA,0
"15290000","19","02","L SUSITNA R NR PALMER AK","AK",61.7097433,-149.231938,62,NA,0
"15292700","19","02","TALKEETNA R NR TALKEETNA AK","AK",62.3464388,-150.019201,2010,NA,0
"15478040","19","08","PHELAN C NR PAXSON AK","AK",63.24027778,-145.4680556,12.1,NA,0
"15484000","19","08","SALCHA R NR SALCHAKET AK","AK",64.47152778,-146.9280556,2200,NA,0
"15493000","19","08","CHENA R NR TWO RIVERS AK","AK",64.9019722,-146.3613333,934,NA,0
"15511000","19","08","L CHENA R NR FAIRBANKS AK","AK",64.88568988,-147.2496477,372,NA,0
"15896000","19","06","KUPARUK R NR DEADHORSE AK","AK",70.28138539,-148.962786,3340,NA,0
"15908000","19","06","SAGAVANIRKTOK R NR PUMP STA 3 AK","AK",69.0158333,-148.8177778,1850,NA,0
"16010000","20","07","Kawaikoi Stream nr Waimea, Kauai, HI","HI",22.13280556,-159.6199444,3.82,NA,0
"16019000","20","07","Waialae Str at alt 3,820 ft nr Waimea, Kauai, HI","HI",22.08583333,-159.5690833,2.09,NA,0
"16068000","20","07","EB of NF Wailua River nr Lihue, Kauai, HI","HI",22.06877778,-159.4151667,6.24,NA,0
"16071500","20","07","Left Branch Opaekaa Str nr Kapaa, Kauai, HI","HI",22.0756111,-159.3958889,0.75,NA,0
"16097500","20","07","Halaulani Str at alt 400 ft nr Kilauea, Kauai, HI","HI",22.17863889,-159.418611,1.2,NA,0
"16108000","20","07","Wainiha River nr Hanalei, Kauai, HI","HI",22.13588889,-159.557861,10.44,NA,0
"16200000","20","06","NF Kaukonahua Str abv RB, nr Wahiawa, Oahu, HI","HI",21.51627778,-157.9453056,1.38,NA,0
"16229000","20","06","Kalihi Str nr Honolulu, Oahu, HI","HI",21.3633611,-157.8444444,2.56,NA,0
"16345000","20","06","Opaeula Str nr Wahiawa, Oahu, HI","HI",21.56233333,-158.00025,3,NA,0
"16400000","20","05","Halawa Stream near Halawa, Molokai, HI","HI",21.1555,-156.7619722,4.68,NA,0
"16508000","20","02","Hanawi Stream near Nahiku, Maui, HI","HI",20.8068611,-156.1142222,3.29,NA,0
"16518000","20","02","West Wailuaiki Stream near Keanae, Maui, HI","HI",20.8143611,-156.1429722,3.59,NA,0
"16587000","20","02","Honopou Stream near Huelo, Maui, HI","HI",20.88563889,-156.2525556,0.59,NA,0
"16717000","20","01","Honolii Stream nr Papaikou, HI","HI",19.76433333,-155.1518333,12.04,NA,0
"16720000","20","01","Kawainui Stream nr Kamuela, HI","HI",20.08533333,-155.6811667,1.54,NA,0
"50025155","21","01","RIO SALIENTE AT COABEY NR JAYUYA, PR","PR",18.2108288,-66.5628032,8.86,NA,0
"50034000","21","01","RIO BAUTA NR OROCOVIS, PR","PR",18.23396665,-66.45444347,16.7,NA,0
"50050900","21","01","RIO GRANDE DE LOIZA AT QUEBRADA ARENAS, PR","PR",18.1180165,-65.98821947,6,NA,0
"50063440","21","01","QUEBRADA SONADORA NR EL VERDE, PR","PR",18.32124112,-65.8170772,0.92,NA,0
"50063800","21","01","RIO ESPIRITU SANTO NR RIO GRANDE, PR","PR",18.35791434,-65.8136078,8.62,NA,0
"50065500","21","01","RIO MAMEYES NR SABANA, PR","PR",18.3268221,-65.75042089,6.88,NA,0
"50092000","21","01","RIO GRANDE DE PATILLAS NR PATILLAS, PR","PR",18.03218668,-66.0321088,18.3,NA,0
"50100450","21","01","RIO MAJADA AT LA PLENA, PR","PR",18.04274109,-66.2071116,16.7,NA,0
"50108000","21","01","RIO DESCALABRADO NR LOS LLANOS, PR","PR",18.05024082,-66.4257263,12.9,NA,0
"50110900","21","01","RIO TOA VACA ABV LAGO TOA VACA, PR","PR",18.1245157,-66.4573992,14.2,NA,0
"50113800","21","01","RIO CERRILLOS ABV LAGO CERRILLOS NR PONCE, PR","PR",18.11480247,-66.6045061,11.9,NA,0
"0208111310","03","01","CASHIE RIVER AT SR1257 NEAR WINDSOR, NC","NC",36.04777778,-76.9841667,108,NA,1
"02096846","03","03","CANE CREEK NEAR ORANGE GROVE, NC","NC",35.9872222,-79.2061111,7.54,NA,1
"02427250","03","15","PINE BARREN CREEK NEAR SNOW HILL, AL.","AL",31.99625809,-87.0683187,261,261,1
"03338780","05","12","NORTH FORK VERMILION RIVER NEAR BISMARCK, IL","IL",40.26566667,-87.64213889,262,NA,1
"0344894205","06","01","NORTH FORK SWANNANOA RIVER NEAR WALKERTOWN, NC","NC",35.68527778,-82.3327778,14.5,NA,1
"03597590","06","04","WARTRACE CREEK BELOW COUNTY ROAD AT WARTRACE, TN","TN",35.52729537,-86.340271,35.7,35.7,1
"05592575","07","14","HICKORY CREEK NEAR BROWNSTOWN, IL","IL",38.9370833,-88.9528056,44.2,NA,1
"06440200","10","14","SOUTH FORK BAD R NEAR COTTONWOOD,SD","SD",43.9690175,-101.767229,257,257,1
"06623800","10","18","ENCAMPMENT RIVER AB HOG PARK CR, NR ENCAMPMENT, WY","WY",41.0235791,-106.824766,72.7,NA,1
"07263295","11","11","Maumelle River at Williams Junction, AR","AR",34.8761111,-92.7744444,46.1,NA,1
"07362587","08","04","Alum Fork Saline River near Reform, AR","AR",34.7975,-92.9338889,27,NA,1
"09423350","15","03","CARUTHERS C NR IVANPAH CA","CA",35.24500556,-115.2989889,0.84,NA,1
"10205030","16","03","SALINA CREEK NEAR EMERY, UT","UT",38.9119141,-111.5304654,51.8,NA,1
